<?xml version="1.0" encoding="UTF-8"?>
<project-private xmlns="http://www.netbeans.org/ns/project-private/1">
    <editor-bookmarks xmlns="http://www.netbeans.org/ns/editor-bookmarks/2" lastBookmarkId="0"/>
    <open-files xmlns="http://www.netbeans.org/ns/projectui-open-files/2">
        <group>
            <file>file:/C:/Users/ASUS/Documents/FIKOM%20SEM%204/PBO/PRAKTIKUM/MODULE%202/TagihanListrik/src/ServerRMI/Services.java</file>
            <file>file:/C:/Users/ASUS/Documents/FIKOM%20SEM%204/PBO/PRAKTIKUM/MODULE%202/TagihanListrik/src/ServerRMI/Main.java</file>
            <file>file:/C:/Users/ASUS/Documents/FIKOM%20SEM%204/PBO/PRAKTIKUM/MODULE%202/TagihanListrik/src/TagihanListrikClient/Tagihan.java</file>
            <file>file:/C:/Users/ASUS/Documents/FIKOM%20SEM%204/PBO/PRAKTIKUM/MODULE%202/TagihanListrik/src/ServerRMI/OperationRMI.java</file>
        </group>
    </open-files>
</project-private>
